City_ID,City,Lat,Lng,Max Temp,Humidity,Cloudiness,Wind Speed,Country,Date
0,Airai,-8.9266,125.4092,61.27,90,8,1.88,TL,2021-10-17 20:19:53
1,Clyde River,70.4692,-68.5914,28.2,79,95,11.9,CA,2021-10-17 20:16:35
2,Mar Del Plata,-38.0023,-57.5575,62.62,39,0,1.01,AR,2021-10-17 20:20:04
3,Leningradskiy,69.3833,178.4167,9.45,96,100,4.72,RU,2021-10-17 20:21:58
4,Khatanga,71.9667,102.5,32.83,99,100,12.62,RU,2021-10-17 20:20:09
5,Souillac,-20.5167,57.5167,73.36,77,85,14.81,MU,2021-10-17 20:20:45
6,Busselton,-33.65,115.3333,49.05,79,23,7.49,AU,2021-10-17 20:19:47
7,Nikolskoye,59.7035,30.7861,41.88,74,92,10.76,RU,2021-10-17 20:19:56
8,Jumla,29.2747,82.1838,56.84,81,100,4.56,NP,2021-10-17 20:21:59
9,Tuatapere,-46.1333,167.6833,50.02,93,100,9.24,NZ,2021-10-17 20:16:43
10,Lokosovo,61.1333,74.8167,39.96,90,100,9.75,RU,2021-10-17 20:21:26
11,Vengerovo,55.6848,76.7471,40.08,76,93,7.14,RU,2021-10-17 20:22:01
12,Hithadhoo,-0.6,73.0833,81.7,79,78,12.84,MV,2021-10-17 20:16:45
13,Bredasdorp,-34.5322,20.0403,48.27,70,18,1.59,ZA,2021-10-17 20:19:37
14,Bara,10.3744,10.7288,79.39,71,22,1.39,NG,2021-10-17 20:22:02
15,Yeppoon,-23.1333,150.7333,73.18,88,58,8.84,AU,2021-10-17 20:22:03
16,Sitka,57.0531,-135.33,44.49,57,40,4.61,US,2021-10-17 20:21:18
17,Atuona,-9.8,-139.0333,78.06,77,81,18.63,PF,2021-10-17 20:16:20
18,Ushuaia,-54.8,-68.3,46.06,76,75,11.5,AR,2021-10-17 20:19:54
19,Puerto Ayora,-0.7393,-90.3518,78.76,83,96,8.01,EC,2021-10-17 20:20:25
20,Hilo,19.7297,-155.09,79.29,87,90,4.61,US,2021-10-17 20:19:33
21,Moerai,-22.4333,-151.3333,76.42,82,100,14.7,PF,2021-10-17 20:22:04
22,Sri Aman,1.2376,111.4621,75.25,94,100,2.3,MY,2021-10-17 20:22:04
23,Berezhany,49.45,24.9333,40.5,71,100,3.06,UA,2021-10-17 20:22:05
24,Qaanaaq,77.484,-69.3632,24.48,84,100,9.53,GL,2021-10-17 20:20:38
25,Kieta,-6.2167,155.6333,80.67,78,94,4.34,PG,2021-10-17 20:22:05
26,Bluff,-46.6,168.3333,50.95,87,99,12.39,NZ,2021-10-17 20:16:29
27,Rikitea,-23.1203,-134.9692,75.63,73,8,13.89,PF,2021-10-17 20:19:30
28,Aksu,41.1231,80.2644,50.95,24,98,2.19,CN,2021-10-17 20:19:19
29,East London,-33.0153,27.9116,56.91,67,18,15.75,ZA,2021-10-17 20:19:41
30,Ormara,25.2088,64.6357,80.33,54,0,11.74,PK,2021-10-17 20:22:06
31,Punta Arenas,-53.15,-70.9167,50.11,66,0,23.02,CL,2021-10-17 20:18:18
32,Castro,-24.7911,-50.0119,58.32,98,100,6.67,BR,2021-10-17 20:20:11
33,Champerico,14.3,-91.9167,88.75,70,94,6.26,GT,2021-10-17 20:22:06
34,Rockland,41.1668,-74.0496,63.43,62,65,1.01,US,2021-10-17 20:20:48
35,Samarai,-10.6167,150.6667,82.13,80,100,11.43,PG,2021-10-17 20:22:07
36,Gumdag,39.2061,54.5906,61.39,16,0,23.04,TM,2021-10-17 20:22:07
37,Pevek,69.7008,170.3133,8.58,98,71,2.89,RU,2021-10-17 20:20:58
38,Suhbaatar,50.2314,106.2078,25.99,86,11,2.17,MN,2021-10-17 20:22:09
39,Bubaque,11.2833,-15.8333,82.29,75,45,7.07,GW,2021-10-17 20:22:09
40,Hermanus,-34.4187,19.2345,54.9,63,58,5.32,ZA,2021-10-17 20:19:28
41,Kuchinarai,16.541,104.05,67.6,82,100,9.48,TH,2021-10-17 20:22:09
42,Bay Roberts,47.5999,-53.2648,44.15,86,100,1.99,CA,2021-10-17 20:20:19
43,Butaritari,3.0707,172.7902,81.41,73,12,12.12,KI,2021-10-17 20:16:16
44,Yellowknife,62.456,-114.3525,36.41,99,90,5.75,CA,2021-10-17 20:19:41
45,Aykhal,66.0,111.5,30.45,96,100,21.97,RU,2021-10-17 20:21:55
46,Sioux Lookout,50.1001,-91.917,59.38,41,20,8.05,CA,2021-10-17 20:22:10
47,Toamasina,-18.1667,49.3833,68.0,94,40,0.0,MG,2021-10-17 20:22:11
48,Padang,-0.9492,100.3543,77.83,87,100,1.41,ID,2021-10-17 20:22:05
49,Saint-Joseph,-21.3667,55.6167,70.16,78,20,12.06,RE,2021-10-17 20:22:11
50,Miguel Auza,24.2933,-103.4503,71.6,46,2,6.49,MX,2021-10-17 20:22:11
51,Muravlenko,63.7898,74.523,38.39,91,100,16.42,RU,2021-10-17 20:22:12
52,Ribeira Grande,38.5167,-28.7,72.0,83,75,16.11,PT,2021-10-17 20:18:05
53,Upata,8.0086,-62.3989,86.83,56,98,2.75,VE,2021-10-17 20:19:45
54,Tecoanapa,16.5167,-98.75,85.57,68,92,9.89,MX,2021-10-17 20:22:13
55,Norman Wells,65.282,-126.8329,28.44,86,90,2.3,CA,2021-10-17 20:21:15
56,Cherskiy,68.75,161.3,-12.75,100,100,3.74,RU,2021-10-17 20:19:51
57,Iqaluit,63.7506,-68.5145,33.53,80,40,17.0,CA,2021-10-17 20:21:54
58,Bongouanou,6.6486,-4.1992,72.97,97,37,1.32,CI,2021-10-17 20:22:13
59,Vaini,-21.2,-175.2,77.16,88,40,9.22,TO,2021-10-17 20:19:42
60,Crepy-En-Valois,49.2336,2.8881,52.47,83,100,6.53,FR,2021-10-17 20:22:14
61,Aljezur,37.3191,-8.8033,66.38,91,100,5.5,PT,2021-10-17 20:22:15
62,Angoche,-16.2325,39.9086,77.74,76,0,15.64,MZ,2021-10-17 20:22:15
63,Ahipara,-35.1667,173.1667,61.75,91,22,6.35,NZ,2021-10-17 20:22:16
64,Mahebourg,-20.4081,57.7,73.26,75,47,16.78,MU,2021-10-17 20:19:54
65,Boyuibe,-20.4167,-63.2833,78.71,43,99,7.18,BO,2021-10-17 20:22:16
66,Hobart,-42.8794,147.3294,51.66,79,75,1.99,AU,2021-10-17 20:16:04
67,Sao Joao Da Barra,-21.6403,-41.0511,73.49,87,100,13.85,BR,2021-10-17 20:21:56
68,Cayenne,4.9333,-52.3333,86.04,79,75,3.0,GF,2021-10-17 20:22:17
69,Koson,39.0375,65.585,50.32,25,0,4.72,UZ,2021-10-17 20:22:17
70,Tuktoyaktuk,69.4541,-133.0374,26.6,93,90,9.22,CA,2021-10-17 20:19:50
71,Brigham City,41.5102,-112.0155,73.02,32,1,1.99,US,2021-10-17 20:22:18
72,Ayan,56.45,138.1667,23.29,53,12,15.66,RU,2021-10-17 20:21:29
73,Komsomolskiy,40.4272,71.7189,52.52,58,100,2.3,UZ,2021-10-17 20:19:45
74,Cap-Aux-Meules,47.3821,-61.8597,57.25,88,75,16.11,CA,2021-10-17 20:22:18
75,Yichun,47.7,128.9,20.71,55,94,0.58,CN,2021-10-17 20:22:18
76,Vikulovo,56.8167,70.6107,39.04,76,6,6.82,RU,2021-10-17 20:22:19
77,Saint George,37.1041,-113.5841,76.42,23,1,1.99,US,2021-10-17 20:18:46
78,Ayia Galini,35.1,24.6833,65.79,83,19,4.56,GR,2021-10-17 20:22:19
79,Nanortalik,60.1432,-45.2371,36.05,86,97,5.88,GL,2021-10-17 20:19:55
80,Totness,5.8833,-56.3167,83.8,69,76,9.64,SR,2021-10-17 20:22:20
81,Cape Town,-33.9258,18.4232,57.27,68,0,1.99,ZA,2021-10-17 20:17:16
82,Lida,53.8833,25.2997,44.49,71,100,11.34,BY,2021-10-17 20:22:21
83,Dwarka,22.2394,68.9678,81.1,69,89,16.53,IN,2021-10-17 20:22:21
84,Tiksi,71.6872,128.8694,9.82,89,100,8.84,RU,2021-10-17 20:17:28
85,Albany,42.6001,-73.9662,56.8,82,99,1.01,US,2021-10-17 20:18:40
86,Henties Bay,-22.116,14.2845,56.86,83,92,4.16,NA,2021-10-17 20:20:33
87,Lebu,-37.6167,-73.65,55.35,72,0,19.3,CL,2021-10-17 20:20:20
88,Arraial Do Cabo,-22.9661,-42.0278,71.56,88,75,8.05,BR,2021-10-17 20:16:32
89,Elumalai,9.8667,77.7,76.73,78,91,4.47,IN,2021-10-17 20:22:22
90,Mbengwi,6.0167,10.0,65.23,97,100,1.43,CM,2021-10-17 20:22:22
91,Jamestown,42.097,-79.2353,53.19,89,55,5.01,US,2021-10-17 20:14:46
92,Kapaa,22.0752,-159.319,80.58,76,40,5.99,US,2021-10-17 20:19:31
93,Carnarvon,-24.8667,113.6333,68.07,56,90,6.91,AU,2021-10-17 20:19:46
94,Goksun,38.021,36.4973,52.75,82,20,4.43,TR,2021-10-17 20:22:23
95,Bethel,41.3712,-73.414,63.19,58,20,9.22,US,2021-10-17 20:18:12
96,Portland,45.5234,-122.6762,62.42,77,90,3.0,US,2021-10-17 20:19:00
97,San Quintin,30.4833,-115.95,72.91,50,100,11.52,MX,2021-10-17 20:22:24
98,Sharjah,25.3573,55.4033,89.58,52,0,3.44,AE,2021-10-17 20:18:02
99,Kahului,20.8947,-156.47,84.22,63,20,19.57,US,2021-10-17 20:21:59
100,Muroto,33.2833,134.15,61.5,67,52,15.48,JP,2021-10-17 20:21:48
101,Hofn,64.2539,-15.2082,36.16,98,100,22.06,IS,2021-10-17 20:21:19
102,Isla Vista,34.4133,-119.861,81.07,68,20,13.8,US,2021-10-17 20:22:24
103,Chokurdakh,70.6333,147.9167,-7.42,100,100,2.71,RU,2021-10-17 20:20:01
104,Los Llanos De Aridane,28.6585,-17.9182,69.55,88,40,5.75,ES,2021-10-17 20:20:45
105,Thabazimbi,-24.5917,27.4116,69.21,9,82,7.07,ZA,2021-10-17 20:22:25
106,Cidreira,-30.1811,-50.2056,63.5,66,16,6.62,BR,2021-10-17 20:20:51
107,Berdigestyakh,62.0989,126.6992,10.29,97,69,3.42,RU,2021-10-17 20:22:26
108,Evensk,61.95,159.2333,12.65,74,100,17.22,RU,2021-10-17 20:17:40
109,Naryan-Mar,67.6713,53.087,34.68,89,100,10.07,RU,2021-10-17 20:22:26
110,Muscat,23.6139,58.5922,80.62,35,0,4.9,OM,2021-10-17 20:22:27
111,Diego De Almagro,-26.3667,-70.05,76.53,11,0,11.72,CL,2021-10-17 20:21:28
112,Karratha,-20.7377,116.8463,68.85,61,6,11.65,AU,2021-10-17 20:22:27
113,Qiongshan,20.0058,110.3542,73.38,94,75,15.66,CN,2021-10-17 20:22:27
114,Port Elizabeth,-33.918,25.5701,53.1,93,90,5.75,ZA,2021-10-17 20:18:34
115,Mehamn,71.0357,27.8492,39.38,93,75,27.63,NO,2021-10-17 20:22:28
116,Edgewater,28.9889,-80.9023,84.29,57,40,13.8,US,2021-10-17 20:22:28
117,Mana,5.6592,-53.7767,84.07,71,81,9.28,GF,2021-10-17 20:22:29
118,Korla,41.7597,86.1469,51.48,33,25,8.52,CN,2021-10-17 20:22:29
119,Maneadero,31.7167,-116.5667,80.19,74,31,3.0,MX,2021-10-17 20:22:30
120,Khatima,28.9167,79.9667,72.86,88,100,6.82,IN,2021-10-17 20:22:30
121,New Norfolk,-42.7826,147.0587,51.3,70,100,1.99,AU,2021-10-17 20:20:16
122,Lavrentiya,65.5833,-171.0,24.31,74,66,13.42,RU,2021-10-17 20:20:03
123,Mataura,-46.1927,168.8643,49.6,99,100,6.24,NZ,2021-10-17 20:16:31
124,Paciran,-6.8767,112.3761,81.68,79,53,6.71,ID,2021-10-17 20:22:31
125,Kodiak,57.79,-152.4072,42.28,98,100,36.13,US,2021-10-17 20:21:46
126,Kaeo,-35.1,173.7833,62.33,97,51,6.26,NZ,2021-10-17 20:22:31
127,Lorengau,-2.0226,147.2712,81.9,73,87,5.86,PG,2021-10-17 20:20:34
128,Barrow,71.2906,-156.7887,21.22,79,90,4.61,US,2021-10-17 20:19:29
129,Vallenar,-28.5708,-70.7581,78.67,26,0,8.12,CL,2021-10-17 20:22:28
130,Ucluelet,48.9329,-125.5528,54.05,91,95,1.01,CA,2021-10-17 20:22:32
131,Trairi,-3.2778,-39.2689,81.72,73,0,13.38,BR,2021-10-17 20:22:33
132,Las Juntas,19.4167,-104.7,85.53,61,7,6.11,MX,2021-10-17 20:22:33
133,Torbay,47.6666,-52.7314,43.39,92,90,10.36,CA,2021-10-17 20:19:44
134,San Martin,-33.081,-68.4681,72.14,16,0,13.15,AR,2021-10-17 20:22:34
135,Egvekinot,66.3167,-179.1667,13.53,83,100,4.76,RU,2021-10-17 20:22:34
136,Longyearbyen,78.2186,15.6401,17.44,67,20,4.61,SJ,2021-10-17 20:21:10
137,Lagoa,39.05,-27.9833,69.76,84,28,19.48,PT,2021-10-17 20:22:04
138,Avarua,-21.2078,-159.775,75.25,88,75,6.91,CK,2021-10-17 20:19:46
139,Salinopolis,-0.6136,-47.3561,83.53,71,18,10.22,BR,2021-10-17 20:22:35
140,Luderitz,-26.6481,15.1594,60.28,54,27,24.9,NA,2021-10-17 20:17:08
141,Saint-Augustin,51.226,-58.6502,43.12,67,100,13.69,CA,2021-10-17 20:22:35
142,Taonan,45.3333,122.7833,37.2,44,100,11.12,CN,2021-10-17 20:22:36
143,Quatre Cocos,-20.2078,57.7625,73.09,76,45,16.58,MU,2021-10-17 20:22:36
144,Kousseri,12.0769,15.0306,84.16,65,48,4.61,CM,2021-10-17 20:22:37
145,Chuy,-33.6971,-53.4616,60.94,53,2,8.72,UY,2021-10-17 20:18:14
146,Faanui,-16.4833,-151.75,80.11,78,2,17.0,PF,2021-10-17 20:22:37
147,Ilorin,8.5,4.55,77.36,83,20,5.75,NG,2021-10-17 20:22:38
148,Fortuna,40.5982,-124.1573,59.18,72,75,1.99,US,2021-10-17 20:16:49
149,Nome,64.5011,-165.4064,28.47,60,1,10.36,US,2021-10-17 20:20:18
150,Broome,42.2506,-75.833,57.88,60,40,3.0,US,2021-10-17 20:20:06
151,Anchorage,61.2181,-149.9003,40.32,76,90,4.0,US,2021-10-17 20:19:10
152,Solnechnyy,50.7214,136.6319,18.19,72,100,2.3,RU,2021-10-17 20:22:39
153,Jining,35.405,116.5814,43.9,70,3,7.16,CN,2021-10-17 20:22:39
154,Trincomalee,8.5711,81.2335,81.75,73,93,19.8,LK,2021-10-17 20:20:52
155,Waipawa,-41.4122,175.5153,58.46,72,5,18.12,NZ,2021-10-17 20:19:36
156,Nuzvid,16.7833,80.85,75.97,95,96,1.88,IN,2021-10-17 20:22:40
157,Angoram,-4.0625,144.0661,73.76,99,100,2.17,PG,2021-10-17 20:22:40
158,Nuuk,64.1835,-51.7216,32.61,74,0,9.22,GL,2021-10-17 20:22:41
159,Mata,40.683,-7.4592,63.93,98,100,4.85,PT,2021-10-17 20:22:41
160,Andenes,69.3143,16.1194,37.38,70,40,27.63,NO,2021-10-17 20:21:50
161,Iracoubo,5.4802,-53.2011,83.66,70,52,9.48,GF,2021-10-17 20:22:42
162,Rawlins,41.7911,-107.2387,64.83,17,1,26.46,US,2021-10-17 20:22:42
163,Dingle,10.9995,122.6711,75.97,92,14,5.84,PH,2021-10-17 20:22:42
164,Grindavik,63.8424,-22.4338,40.95,87,75,24.16,IS,2021-10-17 20:19:37
165,Georgetown,5.4112,100.3354,78.89,90,20,0.0,MY,2021-10-17 20:15:43
166,Esperance,-33.8667,121.9,53.44,90,2,3.98,AU,2021-10-17 20:19:48
167,Sola,-13.8833,167.55,81.59,77,76,17.16,VU,2021-10-17 20:22:43
168,Nelson Bay,-32.7167,152.15,58.95,93,100,4.54,AU,2021-10-17 20:22:43
169,Klaksvik,62.2266,-6.589,45.52,77,100,24.09,FO,2021-10-17 20:19:34
170,Husavik,66.0449,-17.3389,35.51,86,100,15.73,IS,2021-10-17 20:21:22
171,Victoria,22.2855,114.1577,72.25,79,96,1.01,HK,2021-10-17 20:15:20
172,Porto Velho,-8.7619,-63.9039,80.65,83,40,2.3,BR,2021-10-17 20:19:09
173,Port Alfred,-33.5906,26.891,55.33,71,49,14.83,ZA,2021-10-17 20:19:36
174,Yar-Sale,66.8333,70.8333,38.59,97,100,14.36,RU,2021-10-17 20:20:23
175,Rio Pardo De Minas,-15.6097,-42.5397,84.15,37,97,5.39,BR,2021-10-17 20:22:44
176,San Cristobal,7.7669,-72.225,80.78,63,99,4.92,VE,2021-10-17 20:21:08
177,Moram,17.8,76.4667,74.12,84,55,9.06,IN,2021-10-17 20:22:45
178,Chimore,-16.9833,-65.1333,85.17,40,98,1.36,BO,2021-10-17 20:22:45
179,Karasjok,69.4719,25.5112,33.91,87,100,20.67,NO,2021-10-17 20:22:46
180,Kirakira,-10.4544,161.9205,80.37,78,44,2.62,SB,2021-10-17 20:22:46
181,Saldanha,-33.0117,17.9442,57.99,77,0,14.9,ZA,2021-10-17 20:16:15
182,Rodbyhavn,54.6544,11.352,50.11,90,100,7.07,DK,2021-10-17 20:22:47
183,Sao Joaquim,-28.2939,-49.9317,48.27,98,100,3.13,BR,2021-10-17 20:22:48
184,Dikson,73.5069,80.5464,31.19,99,100,2.62,RU,2021-10-17 20:20:16
185,Beitbridge,-22.2167,30.0,68.92,74,44,22.26,ZW,2021-10-17 20:22:48
186,Leopold,-38.1833,144.4667,56.57,92,75,5.01,AU,2021-10-17 20:22:49
187,Keokuk,40.3973,-91.3849,72.36,40,1,9.64,US,2021-10-17 20:22:49
188,Ola,59.5833,151.2833,18.28,50,100,19.04,RU,2021-10-17 20:22:42
189,Wasilla,61.5814,-149.4394,39.4,59,1,11.01,US,2021-10-17 20:16:10
190,Saskylakh,71.9167,114.0833,15.75,90,100,11.1,RU,2021-10-17 20:20:15
191,Shubarshi,48.5872,57.1869,50.47,36,92,8.9,KZ,2021-10-17 20:22:50
192,Vaiano,43.949,11.1232,56.53,71,0,2.3,IT,2021-10-17 20:22:50
193,Kisangani,0.5167,25.2,71.19,98,94,2.44,CD,2021-10-17 20:19:57
194,Birjand,32.8663,59.2211,43.27,7,0,6.91,IR,2021-10-17 20:20:13
195,San Jose Del Palmar,4.9742,-76.2283,74.86,97,98,3.11,CO,2021-10-17 20:22:51
196,Auki,-8.7676,160.7034,77.65,84,77,3.51,SB,2021-10-17 20:22:51
197,Byron Bay,-28.65,153.6167,61.88,70,98,5.17,AU,2021-10-17 20:22:52
198,Marinette,45.1,-87.6307,66.72,25,1,11.5,US,2021-10-17 20:22:52
199,Xai-Xai,-25.0519,33.6442,68.79,91,100,17.34,MZ,2021-10-17 20:22:53
200,Council Bluffs,41.2619,-95.8608,77.85,30,1,9.22,US,2021-10-17 20:18:09
201,Hualmay,-11.0964,-77.6139,66.56,77,100,10.11,PE,2021-10-17 20:20:18
202,Haines Junction,60.7522,-137.5108,22.95,74,61,1.14,CA,2021-10-17 20:19:27
203,Pangnirtung,66.1451,-65.7125,33.8,60,20,3.44,CA,2021-10-17 20:22:54
204,Vila Franca Do Campo,37.7167,-25.4333,72.01,92,100,11.5,PT,2021-10-17 20:20:50
205,Andros Town,24.7,-77.7667,84.16,59,10,13.69,BS,2021-10-17 20:22:54
206,Muros,42.7762,-9.0603,68.85,94,100,8.3,ES,2021-10-17 20:22:55
207,Morant Bay,17.8815,-76.4093,84.61,73,96,4.59,JM,2021-10-17 20:22:55
208,Pekan,3.4836,103.3996,75.31,90,100,4.07,MY,2021-10-17 20:22:55
209,Tilichiki,60.4667,166.1,16.83,72,100,10.16,RU,2021-10-17 20:22:56
210,Dehloran,32.6941,47.2679,83.52,12,100,7.36,IR,2021-10-17 20:22:56
211,Saint-Francois,46.4154,3.9054,49.44,93,0,2.3,FR,2021-10-17 20:22:56
212,Adrar,20.5022,-10.0711,89.1,10,88,7.61,MR,2021-10-17 20:19:43
213,Barabai,-2.5833,115.3833,74.39,98,100,2.84,ID,2021-10-17 20:22:57
214,Plettenberg Bay,-34.0527,23.3716,52.23,77,28,5.99,ZA,2021-10-17 20:22:57
215,Naze,28.3667,129.4833,70.07,70,100,13.73,JP,2021-10-17 20:22:57
216,Dunedin,-45.8742,170.5036,58.8,80,100,1.01,NZ,2021-10-17 20:17:48
217,Tasiilaq,65.6145,-37.6368,26.76,54,43,7.94,GL,2021-10-17 20:19:46
218,Qesarya,32.5189,34.9046,74.23,71,30,6.29,IL,2021-10-17 20:22:58
219,Skjervoy,70.0311,20.9714,39.2,80,100,26.35,NO,2021-10-17 20:22:58
220,Bontang,0.1333,117.5,79.0,87,33,8.14,ID,2021-10-17 20:22:59
221,Taoudenni,22.6783,-3.9836,90.37,13,100,11.86,ML,2021-10-17 20:22:20
222,Rocha,-34.4833,-54.3333,61.11,61,6,8.32,UY,2021-10-17 20:18:27
223,Coquimbo,-29.9533,-71.3436,64.13,63,0,14.97,CL,2021-10-17 20:21:40
224,Verkh-Usugli,52.7,115.1667,17.92,84,10,3.02,RU,2021-10-17 20:23:00
225,Tazovskiy,67.4667,78.7,34.74,93,100,11.54,RU,2021-10-17 20:23:00
226,Sampit,-2.5333,112.95,74.86,96,100,0.67,ID,2021-10-17 20:23:00
227,North Platte,41.1239,-100.7654,75.99,21,1,4.0,US,2021-10-17 20:23:01
228,Sorland,67.667,12.6934,39.27,65,100,25.7,NO,2021-10-17 20:23:01
229,Ketchikan,55.3422,-131.6461,43.27,70,20,9.22,US,2021-10-17 20:22:13
230,Wawa,9.9022,4.4192,78.71,78,100,3.94,NG,2021-10-17 20:23:02
231,Southbridge,42.0751,-72.0334,62.51,71,61,3.0,US,2021-10-17 20:21:34
232,Am Timan,11.0297,20.2827,76.24,72,16,6.51,TD,2021-10-17 20:23:03
233,Kinlochleven,56.7115,-4.9661,54.75,95,100,3.29,GB,2021-10-17 20:23:04
234,Wattegama,6.7989,81.4808,77.02,71,82,3.33,LK,2021-10-17 20:23:04
235,Boguchany,58.3814,97.4531,31.14,94,41,2.71,RU,2021-10-17 20:23:04
236,Vardo,70.3705,31.1107,40.98,87,75,25.32,NO,2021-10-17 20:20:04
237,Laguna,38.421,-121.4238,79.47,31,1,3.0,US,2021-10-17 20:19:33
238,Sao Filipe,14.8961,-24.4956,78.73,78,0,10.4,CV,2021-10-17 20:17:50
239,Salym,60.0625,71.4789,40.64,80,78,8.12,RU,2021-10-17 20:23:05
240,Petropavlovsk-Kamchatskiy,53.0452,158.6483,36.19,81,75,13.42,RU,2021-10-17 20:20:59
241,Yantal,56.8471,105.2542,20.25,97,42,3.0,RU,2021-10-17 20:23:05
242,Impfondo,1.6381,18.0667,74.17,84,67,1.68,CG,2021-10-17 20:19:59
243,Qasigiannguit,68.8193,-51.1922,19.65,63,0,9.98,GL,2021-10-17 20:21:58
244,Aanekoski,62.6946,25.818,35.85,100,100,12.01,FI,2021-10-17 20:23:06
245,Joensuu,62.6012,29.7632,39.27,82,90,16.11,FI,2021-10-17 20:23:07
246,Saint-Pierre,-21.3393,55.4781,71.24,78,0,2.3,RE,2021-10-17 20:21:15
247,Ponta Do Sol,32.6667,-17.1,72.23,74,99,3.0,PT,2021-10-17 20:21:13
248,Thompson,55.7435,-97.8558,53.76,47,20,4.61,CA,2021-10-17 20:20:08
249,Broken Hill,-31.95,141.4333,61.05,36,100,10.02,AU,2021-10-17 20:20:40
250,Buchanan,5.8808,-10.0467,78.76,82,19,8.01,LR,2021-10-17 20:23:07
251,Kuressaare,58.2481,22.5039,40.95,76,5,5.01,EE,2021-10-17 20:23:08
252,Teya,60.3778,92.6267,33.31,96,75,3.94,RU,2021-10-17 20:23:08
253,Bonthe,7.5264,-12.505,80.46,81,99,8.84,SL,2021-10-17 20:23:08
254,Tual,-5.6667,132.75,83.34,72,80,4.0,ID,2021-10-17 20:22:22
255,Pilot Butte,50.4668,-104.4178,73.13,28,20,9.22,CA,2021-10-17 20:20:56
256,Kavieng,-2.5744,150.7967,82.44,72,13,11.07,PG,2021-10-17 20:21:04
257,Koygorodok,60.445,50.9968,41.13,88,100,8.97,RU,2021-10-17 20:20:23
258,Kruisfontein,-34.0033,24.7314,50.88,76,93,10.31,ZA,2021-10-17 20:22:44
259,Gamba,-2.65,10.0,76.64,82,99,6.85,GA,2021-10-17 20:22:12
260,Provideniya,64.3833,-173.3,28.51,59,75,17.9,RU,2021-10-17 20:20:31
261,Toledo,39.8333,-4.0,69.08,77,75,8.05,ES,2021-10-17 20:23:10
262,Tres Arroyos,-38.3739,-60.2798,62.06,42,89,13.58,AR,2021-10-17 20:23:10
263,Tula,54.2044,37.6111,42.57,81,78,8.57,RU,2021-10-17 20:20:19
264,Tucuma,-0.1833,-50.05,87.82,60,22,10.51,BR,2021-10-17 20:23:11
265,Menongue,-14.6585,17.691,70.16,23,18,3.24,AO,2021-10-17 20:23:11
266,Bodden Town,19.2833,-81.25,84.99,69,75,5.75,KY,2021-10-17 20:23:12
267,Lerwick,60.1545,-1.1494,48.2,73,52,15.03,GB,2021-10-17 20:23:13
268,Buala,-8.145,159.5921,80.58,77,57,4.07,SB,2021-10-17 20:23:13
269,Vercheres,45.7834,-73.3492,58.06,65,54,4.61,CA,2021-10-17 20:23:13
270,Healdsburg,38.6105,-122.8692,71.78,62,75,7.0,US,2021-10-17 20:23:14
271,Weihe,32.9952,105.3247,45.59,95,100,0.78,CN,2021-10-17 20:22:54
272,Lufilufi,-13.8745,-171.5986,83.79,80,29,19.91,WS,2021-10-17 20:18:17
273,Vilhena,-12.7406,-60.1458,73.62,88,40,6.91,BR,2021-10-17 20:23:14
274,Belyy Yar,53.6039,91.3903,24.69,100,40,4.47,RU,2021-10-17 20:20:56
275,Sheksna,59.21,38.5107,35.56,80,6,10.96,RU,2021-10-17 20:23:15
276,Pingliang,35.5392,106.6861,42.78,82,26,4.21,CN,2021-10-17 20:23:16
277,Amboasary,-25.0333,46.3833,73.24,81,0,3.83,MG,2021-10-17 20:19:46
278,Grand Gaube,-20.0064,57.6608,73.38,78,10,8.99,MU,2021-10-17 20:23:16
279,Ilulissat,69.2167,-51.1,19.42,27,1,28.77,GL,2021-10-17 20:18:56
280,Paranaiba,-19.6772,-51.1908,84.56,60,88,6.78,BR,2021-10-17 20:23:17
281,Yining,29.0361,114.5636,50.14,90,100,1.63,CN,2021-10-17 20:23:17
282,Nyurba,63.2842,118.3319,21.54,77,100,8.32,RU,2021-10-17 20:23:17
283,Great Yarmouth,52.6083,1.7305,58.1,78,92,14.05,GB,2021-10-17 20:23:18
284,Port Macquarie,-31.4333,152.9167,55.89,75,99,6.58,AU,2021-10-17 20:18:44
285,Olafsvik,64.8945,-23.7142,35.01,96,100,18.97,IS,2021-10-17 20:22:04
286,Severo-Kurilsk,50.6789,156.125,39.43,76,36,41.52,RU,2021-10-17 20:20:08
287,Sosnovo-Ozerskoye,52.5249,111.5418,19.96,90,12,5.19,RU,2021-10-17 20:23:19
288,Forfar,56.6431,-2.8903,53.15,99,100,3.8,GB,2021-10-17 20:23:19
289,The Valley,18.217,-63.0578,89.46,79,40,3.44,AI,2021-10-17 20:23:20
290,Brae,60.3964,-1.353,48.11,75,58,12.1,GB,2021-10-17 20:23:20
291,Yatou,37.15,122.3833,44.53,51,3,4.54,CN,2021-10-17 20:23:21
292,Santander,43.4647,-3.8044,63.46,91,20,1.01,ES,2021-10-17 20:23:21
293,Gizo,-8.103,156.8419,82.53,73,97,8.12,SB,2021-10-17 20:23:21
294,Soritor,-6.1392,-77.1039,81.43,59,100,4.32,PE,2021-10-17 20:23:22
295,Ust-Omchug,61.15,149.6333,-8.91,99,85,6.44,RU,2021-10-17 20:23:22
296,Halifax,44.6453,-63.5724,64.69,94,100,7.0,CA,2021-10-17 20:19:40
297,Marsa Matruh,31.3525,27.2453,70.0,68,20,8.05,EG,2021-10-17 20:23:23
298,Bengkulu,-3.8004,102.2655,75.29,94,100,7.58,ID,2021-10-17 20:21:14
299,Bow Island,49.8668,-111.3684,77.49,16,47,10.36,CA,2021-10-17 20:23:24
300,Pyaozerskiy,65.8333,31.1667,35.49,84,99,8.37,RU,2021-10-17 20:23:24
301,Hasaki,35.7333,140.8333,50.4,58,72,20.8,JP,2021-10-17 20:21:57
302,Guerrero Negro,27.9769,-114.0611,78.13,39,100,7.65,MX,2021-10-17 20:18:44
303,Abnub,27.2696,31.1511,79.02,29,97,10.0,EG,2021-10-17 20:23:25
304,Turukhansk,65.8167,87.9833,35.8,98,100,12.71,RU,2021-10-17 20:21:21
305,Magadan,59.5667,150.8,17.49,53,100,14.54,RU,2021-10-17 20:23:25
306,Bridlington,54.0831,-0.1919,57.88,86,50,11.07,GB,2021-10-17 20:23:26
307,Malakal,9.5334,31.6605,76.12,73,17,3.29,SS,2021-10-17 20:23:27
308,Bathsheba,13.2167,-59.5167,86.61,74,40,9.22,BB,2021-10-17 20:20:34
309,Berlevag,70.8578,29.0864,39.15,81,75,27.63,NO,2021-10-17 20:22:05
310,Alice Springs,-23.7,133.8833,69.35,49,6,8.05,AU,2021-10-17 20:20:50
311,Victor Harbor,-35.5667,138.6167,58.8,90,66,5.75,AU,2021-10-17 20:23:28
312,Chany,55.3121,76.7647,40.15,73,81,7.74,RU,2021-10-17 20:23:28
313,Chapais,49.7834,-74.8492,42.58,89,100,8.3,CA,2021-10-17 20:22:59
314,Narsaq,60.9167,-46.05,37.62,49,33,3.65,GL,2021-10-17 20:23:29
315,Madingou,-4.1536,13.55,80.02,68,36,3.87,CG,2021-10-17 20:23:29
316,Half Moon Bay,37.4636,-122.4286,78.21,67,90,1.01,US,2021-10-17 20:23:29
317,Springdale,36.1867,-94.1288,73.56,34,1,8.99,US,2021-10-17 20:19:06
318,Jiayuguan,39.8167,98.3,42.48,27,19,4.88,CN,2021-10-17 20:23:30
319,Honningsvag,70.9821,25.9704,38.95,75,75,29.93,NO,2021-10-17 20:23:31
320,Port Lincoln,-34.7333,135.8667,56.01,86,84,8.43,AU,2021-10-17 20:19:49
321,Avera,33.194,-82.5271,71.11,35,0,6.29,US,2021-10-17 20:20:30
322,Shar,49.5886,81.0453,38.79,64,76,3.51,KZ,2021-10-17 20:23:31
323,Camana,-16.6228,-72.7111,65.61,75,92,10.58,PE,2021-10-17 20:23:32
324,Campos Altos,-19.6961,-46.1714,77.67,62,54,4.88,BR,2021-10-17 20:23:33
325,Sokoni,-6.4333,39.55,77.9,77,5,12.88,TZ,2021-10-17 20:23:33
326,Mastic Beach,40.7668,-72.8521,64.49,56,20,3.0,US,2021-10-17 20:23:33
327,Minab,27.1467,57.0801,76.5,27,0,2.57,IR,2021-10-17 20:23:34
328,Pravia,43.4906,-6.1508,63.68,77,20,4.61,ES,2021-10-17 20:23:34
329,Lola,7.8,-8.5333,74.07,82,76,2.01,GN,2021-10-17 20:23:34
330,Kutum,14.2,24.6667,80.26,18,2,7.09,SD,2021-10-17 20:23:35
331,Pathein,16.7833,94.7333,74.23,96,100,4.5,MM,2021-10-17 20:23:35
332,Beloha,-25.1667,45.05,71.17,90,0,2.19,MG,2021-10-17 20:23:35
333,Lethem,3.3803,-59.7968,83.26,65,99,11.12,GY,2021-10-17 20:19:13
334,Zambezi,-13.5432,23.1047,72.99,44,42,4.43,ZM,2021-10-17 20:23:36
335,Mala,-12.6581,-76.6308,68.32,75,88,8.57,PE,2021-10-17 20:23:37
336,Poya,-21.35,165.15,75.51,84,53,4.54,NC,2021-10-17 20:23:37
337,Sao Felix Do Xingu,-6.6447,-51.995,81.0,65,98,1.77,BR,2021-10-17 20:23:37
338,Idaho Falls,43.4666,-112.0341,66.99,31,1,1.99,US,2021-10-17 20:23:38
339,Emmett,43.8735,-116.4993,77.56,22,43,16.04,US,2021-10-17 20:23:38
340,Maine-Soroa,13.2114,12.0241,88.18,43,3,4.59,NE,2021-10-17 20:23:38
341,Lazaro Cardenas,17.9583,-102.2,85.37,71,8,9.1,MX,2021-10-17 20:23:39
342,Bronnoysund,65.4625,12.1997,42.8,75,40,10.36,NO,2021-10-17 20:23:39
343,Kaitangata,-46.2817,169.8464,49.68,95,100,5.86,NZ,2021-10-17 20:22:50
344,Fare,-16.7,-151.0167,80.19,78,17,19.3,PF,2021-10-17 20:23:40
345,Buckeye,33.3703,-112.5838,92.7,15,96,3.44,US,2021-10-17 20:19:21
346,Axim,4.8699,-2.2405,79.5,85,12,9.91,GH,2021-10-17 20:20:17
347,Shingu,33.7333,135.9833,52.95,78,28,4.34,JP,2021-10-17 20:20:42
348,Abha,18.2164,42.5053,66.02,19,0,4.61,SA,2021-10-17 20:23:40
349,Codrington,-38.2667,141.9667,43.34,93,50,6.49,AU,2021-10-17 20:23:41
350,Saint-Philippe,-21.3585,55.7679,71.15,80,46,14.7,RE,2021-10-17 20:19:52
351,Charyshskoye,51.3978,83.5598,36.27,73,57,3.49,RU,2021-10-17 20:23:41
352,Yenagoa,4.9247,6.2642,75.96,93,43,3.58,NG,2021-10-17 20:23:42
353,Guadalupe Victoria,32.2869,-115.105,91.94,10,100,10.71,MX,2021-10-17 20:23:42
354,Nanning,22.8167,108.3167,63.05,77,100,4.61,CN,2021-10-17 20:21:50
355,Banda Aceh,5.5577,95.3222,79.83,69,100,2.95,ID,2021-10-17 20:23:43
356,Ufimskiy,56.7084,58.0517,40.8,68,85,5.73,RU,2021-10-17 20:23:43
357,Wagar,16.1525,36.2032,87.13,22,1,10.13,SD,2021-10-17 20:23:43
358,Luba,3.4568,8.5547,79.29,81,71,3.02,GQ,2021-10-17 20:23:44
359,Ilo,-17.6394,-71.3375,65.62,70,28,11.12,PE,2021-10-17 20:21:25
360,Bambous Virieux,-20.3428,57.7575,73.22,75,45,16.64,MU,2021-10-17 20:19:58
361,Saint-Leu,-21.15,55.2833,70.63,89,11,4.59,RE,2021-10-17 20:23:45
362,Alausi,-2.2,-78.8333,54.52,82,100,1.12,EC,2021-10-17 20:23:45
363,Upernavik,72.7868,-56.1549,23.14,54,100,4.9,GL,2021-10-17 20:20:13
364,Kang,-23.6752,22.7876,62.47,8,100,11.3,BW,2021-10-17 20:23:45
365,Namatanai,-3.6667,152.4333,79.99,78,90,7.49,PG,2021-10-17 20:23:46
366,Istra,55.9178,36.8642,45.09,82,98,8.48,RU,2021-10-17 20:23:46
367,Corn Island,12.1694,-83.0418,83.17,71,44,5.95,NI,2021-10-17 20:23:46
368,Kiama,-34.6833,150.8667,59.25,81,48,5.95,AU,2021-10-17 20:23:47
369,Antsohihy,-14.8796,47.9875,76.01,66,35,4.45,MG,2021-10-17 20:22:55
370,Lermontovka,47.1453,134.3383,24.57,52,89,4.05,RU,2021-10-17 20:23:47
371,Ganzhou,28.8184,115.4327,53.02,76,100,1.28,CN,2021-10-17 20:23:48
372,Dasoguz,41.8363,59.9666,44.55,45,0,4.61,TM,2021-10-17 20:23:48
373,Cabo San Lucas,22.8909,-109.9124,91.62,65,40,4.61,MX,2021-10-17 20:15:58
374,Talara,-4.5772,-81.2719,75.96,60,0,11.5,PE,2021-10-17 20:23:49
375,Hervey Bay,-25.2986,152.8535,74.03,90,100,10.83,AU,2021-10-17 20:23:49
376,Aklavik,68.2191,-135.0107,20.23,73,17,11.27,CA,2021-10-17 20:20:15
377,Bom Jesus Do Itabapoana,-21.1339,-41.6797,71.62,94,100,6.26,BR,2021-10-17 20:23:50
378,Weligama,5.9667,80.4167,79.3,86,76,16.91,LK,2021-10-17 20:23:50
379,Roald,62.5833,6.1333,41.14,81,75,8.05,NO,2021-10-17 20:23:51
380,Fort Nelson,58.8053,-122.7002,33.39,93,75,2.3,CA,2021-10-17 20:20:31
381,Rawatbhata,24.9333,75.5833,74.19,91,100,7.09,IN,2021-10-17 20:23:51
382,Puri,19.8,85.85,79.32,89,100,4.85,IN,2021-10-17 20:23:52
383,Medicine Hat,50.0501,-110.6683,78.73,17,20,3.0,CA,2021-10-17 20:19:12
384,Vao,-22.6667,167.4833,72.72,88,4,11.52,NC,2021-10-17 20:20:44
385,Baoqing,46.3317,132.2111,27.18,37,100,3.69,CN,2021-10-17 20:23:52
386,Penzance,50.1186,-5.5371,57.76,89,100,14.0,GB,2021-10-17 20:23:33
387,Camacha,33.0833,-16.3333,68.76,88,40,6.91,PT,2021-10-17 20:19:51
388,Marawi,7.9986,124.2928,65.64,94,23,2.17,PH,2021-10-17 20:23:53
389,Sibut,5.718,19.0739,72.34,93,98,1.68,CF,2021-10-17 20:23:54
390,Waingapu,-9.6567,120.2641,80.47,84,62,6.13,ID,2021-10-17 20:23:54
391,Sakakah,29.9697,40.2064,76.57,21,45,10.18,SA,2021-10-17 20:23:25
392,Rio Grande,-32.035,-52.0986,66.31,60,0,8.97,BR,2021-10-17 20:23:55
393,San Luis,-33.295,-66.3356,73.26,20,27,11.12,AR,2021-10-17 20:23:56
394,Bac Lieu,9.285,105.7244,76.42,89,100,4.03,VN,2021-10-17 20:19:08
395,Constitucion,-35.3333,-72.4167,61.5,60,1,17.69,CL,2021-10-17 20:21:46
396,Kharan,28.5833,65.4167,67.48,12,0,8.32,PK,2021-10-17 20:23:56
397,Kotelnich,58.3089,48.348,44.04,78,100,10.49,RU,2021-10-17 20:23:57
398,Iskateley,67.6803,53.1512,34.63,89,100,10.02,RU,2021-10-17 20:23:57
399,Roanoke Rapids,36.4615,-77.6542,65.84,55,40,10.36,US,2021-10-17 20:23:58
400,Cordoba,-31.4135,-64.1811,79.75,17,0,5.01,AR,2021-10-17 20:23:13
401,Inhambane,-23.865,35.3833,74.71,93,1,4.68,MZ,2021-10-17 20:23:58
402,Bradford,53.7939,-1.7521,59.05,79,75,10.36,GB,2021-10-17 20:22:36
403,Isla Aguada,18.7833,-91.4667,86.04,73,84,3.96,MX,2021-10-17 20:23:59
404,Atar,20.5169,-13.0499,90.01,10,100,3.69,MR,2021-10-17 20:22:28
405,Ingraj Bazar,25.0,88.15,77.99,91,100,6.67,IN,2021-10-17 20:23:59
406,Aksarka,66.5606,67.7975,39.02,97,100,13.38,RU,2021-10-17 20:20:12
407,Ambilobe,-13.2,49.05,74.59,63,0,7.9,MG,2021-10-17 20:22:34
408,Kandalaksha,67.162,32.4123,34.72,83,97,6.49,RU,2021-10-17 20:23:59
409,Jaciara,-15.9653,-54.9683,89.69,47,55,2.71,BR,2021-10-17 20:24:00
410,Jilib,0.4883,42.7854,75.69,82,62,5.61,SO,2021-10-17 20:24:00
411,Howard Springs,-12.497,131.047,82.31,94,94,4.99,AU,2021-10-17 20:24:00
412,Comodoro Rivadavia,-45.8667,-67.5,58.86,33,0,14.97,AR,2021-10-17 20:23:10
413,Sinnamary,5.3833,-52.95,83.91,69,45,9.13,GF,2021-10-17 20:23:54
414,Anadyr,64.75,177.4833,27.1,68,40,15.01,RU,2021-10-17 20:20:53
415,Sal Rei,16.1833,-22.9167,77.56,80,0,15.75,CV,2021-10-17 20:24:01
416,Bharuch,21.7,72.9667,77.47,80,18,4.88,IN,2021-10-17 20:24:01
417,Hamilton,39.1834,-84.5333,68.95,42,1,5.01,US,2021-10-17 20:22:30
418,Visnes,59.3556,5.2242,44.82,75,20,6.91,NO,2021-10-17 20:24:03
419,Kondinskoye,59.6481,67.41,39.63,74,26,10.25,RU,2021-10-17 20:24:03
420,Troitskoye,52.9821,84.6757,37.94,81,8,4.76,RU,2021-10-17 20:19:56
421,Mogadishu,2.0371,45.3438,79.09,83,26,11.21,SO,2021-10-17 20:17:45
422,Mangai,-4.05,19.5333,73.92,84,97,2.19,CD,2021-10-17 20:24:04
423,Tutoia,-2.7619,-42.2744,87.78,80,38,13.53,BR,2021-10-17 20:24:04
424,Aitape,-3.1374,142.3475,77.49,82,68,4.94,PG,2021-10-17 20:24:05
425,Kelvington,52.1667,-103.5343,69.46,25,9,12.01,CA,2021-10-17 20:24:05
426,Namwala,-15.7504,26.4384,82.22,21,80,1.07,ZM,2021-10-17 20:24:06
427,Bulgan,48.8125,103.5347,29.8,51,0,1.41,MN,2021-10-17 20:24:06
428,Bonavista,48.6499,-53.1147,44.11,85,82,16.17,CA,2021-10-17 20:19:45
429,Touros,-5.1989,-35.4608,81.5,73,10,15.77,BR,2021-10-17 20:24:06
430,Aracruz,-19.8203,-40.2733,72.61,86,95,6.33,BR,2021-10-17 20:19:50
431,Palmer,42.1584,-72.3287,62.15,62,75,1.99,US,2021-10-17 20:20:33
432,Ashland,40.8167,-82.2665,61.34,51,46,17.9,US,2021-10-17 20:24:07
433,Pizarro,4.9533,-77.366,78.8,86,84,3.58,CO,2021-10-17 20:24:07
434,Kizema,61.113,44.8302,38.43,85,73,11.01,RU,2021-10-17 20:24:08
435,Porto Santo,33.072,-16.3415,71.51,88,40,6.91,PT,2021-10-17 20:24:08
436,Arman,59.7,150.1667,17.35,50,100,16.04,RU,2021-10-17 20:24:09
437,Porto Novo,6.4965,2.6036,82.22,85,30,6.33,BJ,2021-10-17 20:21:17
438,Le Port,-20.9373,55.2919,71.56,90,20,7.29,RE,2021-10-17 20:19:35
439,Churapcha,62.0025,132.4325,11.17,94,100,4.27,RU,2021-10-17 20:24:09
440,Viransehir,37.2353,39.7631,65.8,55,3,10.71,TR,2021-10-17 20:24:10
441,Biskamzha,53.4497,89.5272,31.41,86,54,0.83,RU,2021-10-17 20:24:10
442,Biak,-0.9131,122.8766,76.78,86,52,0.36,ID,2021-10-17 20:19:43
443,Mosquera,4.7059,-74.2302,62.69,59,75,10.36,CO,2021-10-17 20:21:44
444,La Ronge,55.1001,-105.2842,59.25,38,75,6.91,CA,2021-10-17 20:19:38
445,Qaqortoq,60.7167,-46.0333,37.9,53,86,2.44,GL,2021-10-17 20:24:12
446,Goundam,16.4145,-3.6708,93.38,8,23,10.42,ML,2021-10-17 20:24:12
447,Key West,24.5557,-81.7826,87.8,62,20,6.91,US,2021-10-17 20:24:13
448,Kysyl-Syr,63.8986,122.7617,10.4,96,75,3.27,RU,2021-10-17 20:22:41
449,Kawalu,-7.3817,108.2082,72.68,97,68,1.21,ID,2021-10-17 20:23:31
450,Tortoli,39.9256,9.6572,60.4,71,2,5.3,IT,2021-10-17 20:24:13
451,Hobyo,5.3505,48.5268,78.37,84,100,22.21,SO,2021-10-17 20:18:09
452,Wanaka,-44.7,169.15,51.12,93,100,1.99,NZ,2021-10-17 20:24:14
453,Kimbe,-5.5502,150.1429,75.94,92,95,3.42,PG,2021-10-17 20:24:14
454,Socorro,31.6546,-106.3033,79.45,24,20,8.05,US,2021-10-17 20:24:15
455,San Patricio,28.017,-97.5169,77.09,33,100,7.27,US,2021-10-17 20:20:28
456,Udachnyy,66.4167,112.4,30.4,94,100,15.66,RU,2021-10-17 20:24:15
457,Pangody,65.85,74.4859,37.94,96,100,15.75,RU,2021-10-17 20:24:16
458,Akdepe,42.0551,59.3788,44.69,29,0,9.6,TM,2021-10-17 20:24:16
459,Santa Vitoria Do Palmar,-33.5189,-53.3681,61.27,52,1,8.55,BR,2021-10-17 20:24:16
460,Tornio,65.8481,24.1466,37.42,85,100,17.72,FI,2021-10-17 20:24:17
461,Tabou,4.423,-7.3528,78.51,84,15,5.68,CI,2021-10-17 20:23:15
462,Abay,49.6311,72.8539,23.38,50,6,2.77,KZ,2021-10-17 20:24:09
463,Afsin,38.2477,36.914,56.5,55,85,2.8,TR,2021-10-17 20:24:18
464,Sayyan,15.1718,44.3244,59.95,21,6,5.68,YE,2021-10-17 20:24:18
465,Sarangani,5.4033,125.4636,83.12,77,89,15.23,PH,2021-10-17 20:24:19
466,Mount Isa,-20.7333,139.5,62.37,48,4,5.75,AU,2021-10-17 20:19:29
467,Russell,32.3502,-85.1999,72.68,36,1,9.22,US,2021-10-17 20:24:19
468,Erdenet,49.0333,104.0833,26.47,65,0,3.24,MN,2021-10-17 20:24:20
469,Usvyaty,55.7456,30.7533,43.83,86,66,10.22,RU,2021-10-17 20:24:20
470,Weatherford,32.7593,-97.7972,74.79,33,100,1.99,US,2021-10-17 20:24:21
471,Kajaani,64.2273,27.7285,37.45,87,90,10.36,FI,2021-10-17 20:23:09
472,Nouadhibou,20.931,-17.0347,73.69,66,0,17.45,MR,2021-10-17 20:17:54
473,Karimganj,24.8667,92.35,76.05,80,91,3.11,IN,2021-10-17 20:24:21
474,Mount Gambier,-37.8333,140.7667,42.48,95,56,2.89,AU,2021-10-17 20:19:45
475,Hirara,24.8,125.2833,75.49,66,96,18.54,JP,2021-10-17 20:24:22
476,Chanika,-5.4167,38.0167,67.26,94,51,6.06,TZ,2021-10-17 20:24:22
477,Mercedes,-34.6515,-59.4307,77.86,28,100,8.48,AR,2021-10-17 20:24:23
478,Naberera,-4.2,36.9333,65.88,68,13,10.31,TZ,2021-10-17 20:24:23
479,Havoysund,70.9963,24.6622,39.43,78,100,30.58,NO,2021-10-17 20:18:49
480,La Cruz,23.9167,-106.9,84.97,66,3,5.68,MX,2021-10-17 20:24:24
481,Long,18.0761,99.8326,76.86,95,97,2.44,TH,2021-10-17 20:24:24
482,Saraj,42.0,21.3278,53.17,84,18,2.91,MK,2021-10-17 20:24:25
483,Ossora,59.2353,163.0719,31.37,97,100,24.61,RU,2021-10-17 20:24:25
484,Plyussa,58.4308,29.3654,38.66,78,2,8.34,RU,2021-10-17 20:24:26
485,Chara,56.9064,118.2631,16.32,68,42,4.5,RU,2021-10-17 20:24:26
486,Paamiut,61.994,-49.6678,34.84,51,0,4.65,GL,2021-10-17 20:23:50
487,Marsabit,2.3284,37.9899,73.67,47,54,12.97,KE,2021-10-17 20:24:27
488,Chegdomyn,51.1167,133.0167,18.45,63,89,2.46,RU,2021-10-17 20:24:27
489,Filadelfia,39.9523,-75.1638,63.27,57,75,4.0,US,2021-10-17 20:22:09
490,Bima,-8.4667,118.7167,77.88,86,68,1.99,ID,2021-10-17 20:24:28
491,Vasto,42.1243,14.7059,57.56,75,91,4.41,IT,2021-10-17 20:24:28
492,College,64.8569,-147.8028,30.2,75,75,3.44,US,2021-10-17 20:22:31
493,Salalah,17.0151,54.0924,78.89,89,40,3.44,OM,2021-10-17 20:22:57
494,Dicabisagan,17.0818,122.4157,77.58,86,94,4.79,PH,2021-10-17 20:24:29
495,Ostersund,63.1792,14.6357,36.05,87,40,17.27,SE,2021-10-17 20:24:29
496,Merauke,-8.4667,140.3333,76.91,89,69,9.15,ID,2021-10-17 20:23:08
497,Deputatskiy,69.3,139.9,-14.21,99,52,3.02,RU,2021-10-17 20:17:57
498,Khandyga,62.6667,135.6,0.09,98,45,1.66,RU,2021-10-17 20:24:30
499,Hambantota,6.1241,81.1185,79.9,81,63,16.78,LK,2021-10-17 20:19:38
500,Veracruz,19.3333,-96.6667,73.87,90,100,2.82,MX,2021-10-17 20:24:30
501,Belmonte,-15.8631,-38.8828,80.6,72,93,8.41,BR,2021-10-17 20:20:58
502,Nsanje,-16.92,35.262,86.22,40,0,4.7,MW,2021-10-17 20:24:31
503,Tibu,8.639,-72.7358,90.68,55,83,3.29,CO,2021-10-17 20:24:32
504,Saulkrasti,57.2622,24.4147,39.79,64,10,15.48,LV,2021-10-17 20:24:32
505,Nebolchi,59.1239,33.3454,37.06,85,6,8.55,RU,2021-10-17 20:24:33
506,Mangrol,21.1167,70.1167,79.92,72,65,13.0,IN,2021-10-17 20:24:33
507,Itaueira,-7.6033,-43.0256,96.42,24,99,4.32,BR,2021-10-17 20:24:34
508,Marzuq,14.4,46.4667,76.82,39,100,3.4,YE,2021-10-17 20:22:07
509,Hokitika,-42.7167,170.9667,55.27,93,99,14.79,NZ,2021-10-17 20:24:34
510,Harper,4.375,-7.7169,78.48,84,34,5.82,LR,2021-10-17 20:24:35
511,Bud,39.447,-86.1758,68.09,44,0,12.8,US,2021-10-17 20:22:25
512,Te Anau,-45.4167,167.7167,48.63,95,100,0.98,NZ,2021-10-17 20:22:15
513,Valparaiso,-33.0393,-71.6273,73.63,41,0,13.8,CL,2021-10-17 20:19:44
514,Glyadyanskoye,54.9075,65.0883,40.78,75,29,6.2,RU,2021-10-17 20:24:35
515,Presidencia Roque Saenz Pena,-26.7852,-60.4388,80.6,30,10,7.45,AR,2021-10-17 20:23:46
516,West Bay,19.3667,-81.4167,85.06,78,75,1.99,KY,2021-10-17 20:19:47
517,Ryazan,54.6197,39.74,40.68,85,47,7.58,RU,2021-10-17 20:22:03
518,Kihei,20.785,-156.4656,84.22,63,20,19.57,US,2021-10-17 20:22:41
519,Pacific Grove,36.6177,-121.9166,75.58,78,1,4.0,US,2021-10-17 20:21:23
520,Yabrud,33.9674,36.6574,53.26,73,0,0.96,SY,2021-10-17 20:24:36
521,Uberlandia,-18.9186,-48.2772,74.41,73,40,8.05,BR,2021-10-17 20:24:37
522,Margate,51.3813,1.3862,58.71,80,6,1.99,GB,2021-10-17 20:21:53
523,Liptovsky Hradok,49.0396,19.7234,40.14,84,100,0.85,SK,2021-10-17 20:24:38
524,Ingham,42.6,-84.3833,63.18,47,40,14.97,US,2021-10-17 20:23:29
525,Cap Malheureux,-19.9842,57.6142,73.47,78,9,8.99,MU,2021-10-17 20:22:38
526,Geraldton,-28.7667,114.6,48.61,93,40,12.66,AU,2021-10-17 20:20:55
527,Maxixe,-23.8597,35.3472,74.12,94,2,3.96,MZ,2021-10-17 20:24:38
528,Lompoc,34.6391,-120.4579,75.69,67,1,13.8,US,2021-10-17 20:22:43
529,Luau,-10.7073,22.2247,76.33,45,99,3.78,AO,2021-10-17 20:24:39
530,Ouro Branco,-20.5208,-43.6919,69.94,88,65,4.41,BR,2021-10-17 20:24:39
531,Ouadda,8.0777,22.4007,69.04,93,36,1.19,CF,2021-10-17 20:24:40
532,Zhanaozen,43.3,52.8,54.95,26,0,13.11,KZ,2021-10-17 20:24:40
533,Lima,-12.0432,-77.0282,68.14,93,20,3.0,PE,2021-10-17 20:24:41
534,Kingori,-3.2833,36.9833,68.61,67,58,5.37,TZ,2021-10-17 20:24:41
535,Sompeta,18.9333,84.6,78.6,90,99,4.79,IN,2021-10-17 20:24:41
536,Mount Pleasant,32.7941,-79.8626,73.0,41,1,1.99,US,2021-10-17 20:24:42
537,Pokhara,28.2333,83.9833,71.22,64,61,3.44,NP,2021-10-17 20:20:11
538,Marshfield,44.6689,-90.1718,65.93,29,1,12.66,US,2021-10-17 20:23:30
539,Vostok,46.4856,135.8833,15.42,75,9,5.39,RU,2021-10-17 20:23:00
540,Kununurra,-15.7667,128.7333,76.98,83,100,8.05,AU,2021-10-17 20:24:43
541,Ancud,-41.8697,-73.8203,56.73,67,32,6.31,CL,2021-10-17 20:19:21
542,Nadym,65.5333,72.5167,39.63,93,100,17.72,RU,2021-10-17 20:24:44
543,Khani,41.9563,42.9566,53.17,96,100,1.3,GE,2021-10-17 20:24:45
544,Bella Union,-30.2752,-57.6007,72.95,40,0,8.63,UY,2021-10-17 20:24:45
545,Mansa,29.9833,75.3833,71.01,77,100,9.26,IN,2021-10-17 20:24:46
546,Baghdad,33.3406,44.4009,73.31,35,0,6.91,IQ,2021-10-17 20:24:46
547,Maragogi,-9.0122,-35.2225,78.48,75,85,8.79,BR,2021-10-17 20:20:04
548,Augusto Correa,-1.0217,-46.635,83.8,67,7,7.38,BR,2021-10-17 20:24:47
549,Llanes,43.4198,-4.7549,64.89,79,100,6.11,ES,2021-10-17 20:24:47
550,Hammerfest,70.6634,23.6821,34.25,93,75,20.71,NO,2021-10-17 20:24:47
551,Didwana,27.4,74.5667,71.13,77,100,15.14,IN,2021-10-17 20:24:48
552,Chivacoa,10.1603,-68.895,88.07,54,22,7.2,VE,2021-10-17 20:24:48
553,Bilibino,68.0546,166.4372,-8.61,98,100,3.4,RU,2021-10-17 20:24:49
554,Portree,57.4129,-6.1942,54.86,90,100,3.36,GB,2021-10-17 20:24:49
555,Mapiripan,2.8892,-72.1256,81.3,73,92,4.76,CO,2021-10-17 20:24:50
556,Leh,34.1667,77.5833,41.68,79,100,2.44,IN,2021-10-17 20:23:58
557,Road Town,18.4167,-64.6167,89.2,100,75,6.91,VG,2021-10-17 20:24:50
558,Gisborne,-38.6533,178.0042,63.95,96,100,6.76,NZ,2021-10-17 20:24:51
559,Belousovka,50.1339,82.5239,29.25,100,90,2.24,KZ,2021-10-17 20:24:51
560,Seymchan,62.8833,152.4333,8.67,74,38,9.64,RU,2021-10-17 20:24:51
561,Beringovskiy,63.05,179.3167,26.26,83,100,6.87,RU,2021-10-17 20:19:46
562,Vikhorevka,56.1201,101.1636,26.19,90,12,2.86,RU,2021-10-17 20:24:52
563,Norrtalje,59.758,18.705,43.84,57,0,11.05,SE,2021-10-17 20:24:52
564,Leshukonskoye,64.8989,45.7622,36.66,96,100,10.58,RU,2021-10-17 20:24:53
565,Dudinka,69.4058,86.1778,34.38,99,100,12.24,RU,2021-10-17 20:24:53
566,Katobu,-4.9408,122.5276,75.7,94,11,3.4,ID,2021-10-17 20:23:24
567,Namibe,-15.1961,12.1522,65.39,90,37,5.26,AO,2021-10-17 20:18:11
568,Mirabad,30.4362,61.8383,62.85,19,0,8.16,AF,2021-10-17 20:24:54
569,Morondava,-20.2833,44.2833,76.62,79,7,4.72,MG,2021-10-17 20:24:54
570,Vila Velha,-20.3297,-40.2925,73.35,88,75,9.22,BR,2021-10-17 20:20:53
571,Hailey,43.5196,-114.3153,61.9,31,46,7.0,US,2021-10-17 20:24:55
572,De-Kastri,51.4667,140.7833,24.48,83,100,13.71,RU,2021-10-17 20:24:55
573,Wau,7.7029,27.9953,75.38,75,65,2.1,SS,2021-10-17 20:24:56
574,Hinton,53.4001,-117.5857,56.1,89,100,4.16,CA,2021-10-17 20:24:56
575,Vung Tau,10.346,107.0843,79.14,82,100,3.11,VN,2021-10-17 20:24:57
576,Dedougou,12.4667,-3.4667,91.4,19,100,4.36,BF,2021-10-17 20:24:57
577,Dali,25.7,100.1833,53.4,94,38,2.26,CN,2021-10-17 20:24:58
578,Constantine,36.365,6.6147,60.21,72,0,4.61,DZ,2021-10-17 20:24:58
579,Aginskoye,51.1,114.53,22.33,77,6,5.64,RU,2021-10-17 20:24:59
580,Lensk,60.7253,114.9278,22.6,86,100,10.02,RU,2021-10-17 20:24:59
581,Maniitsoq,65.4167,-52.9,34.12,48,0,6.22,GL,2021-10-17 20:24:59
582,Nola,40.922,14.5329,63.36,73,70,4.0,IT,2021-10-17 20:25:00
583,Nsoko,-27.0333,31.95,63.66,91,100,7.78,SZ,2021-10-17 20:25:00
584,Dickson,36.077,-87.3878,68.95,40,1,1.99,US,2021-10-17 20:25:01
585,Biharamulo,-2.6319,31.3089,65.3,75,58,1.83,TZ,2021-10-17 20:25:02
586,Elizabeth City,36.2946,-76.2511,68.05,43,1,5.99,US,2021-10-17 20:25:03
587,Pimentel,-6.8367,-79.9342,70.09,64,0,21.85,PE,2021-10-17 20:25:04
588,Pengcheng,36.4311,114.17,48.36,65,0,4.23,CN,2021-10-17 20:25:05
589,Batalha,-9.6778,-37.1247,85.48,44,81,18.07,BR,2021-10-17 20:25:05
590,Staraya Poltavka,50.4772,46.4814,51.69,80,100,9.13,RU,2021-10-17 20:25:06
591,Bol,13.4586,14.7147,84.54,60,2,7.0,TD,2021-10-17 20:23:08
